problemSize,nProcessors,BCRSolveTime,spluSolveTime,Error,Parallel time,Sequential time
32772,1,1.6479978561401367,0.031002044677734375,7.406334768419806e-11,0,1.6459970474243164
