problemSize,nProcessors,BCRSolveTime,spluSolveTime,Error,Parallel time,Sequential time
32772,8,2.399979591369629,0.05256915092468262,7.409572400477832e-11,2.310133457183838,0.08784699440002441
